{
  "f1": {
    "threshold": 0.5508590784104945,
    "precision": 0.5037839442053718,
    "recall": 0.6284815132697195,
    "f1": 0.5592661924372894,
    "tp": 37345,
    "fp": 36784,
    "fn": 22076,
    "tn": 149469
  },
  "recall_constrained": {
    "threshold": 0.0015738994464893734,
    "precision": 0.24186930647931812,
    "recall": 1.0,
    "f1": 0.3895245743129189,
    "tp": 59421,
    "fp": 186253,
    "fn": 0,
    "tn": 0
  },
  "precision_constrained": {
    "threshold": 0.576392222493392,
    "precision": 0.5222505419816019,
    "recall": 0.6000067316268659,
    "f1": 0.5584349474112884,
    "tp": 35653,
    "fp": 32615,
    "fn": 23768,
    "tn": 153638
  }
}