{
  "f1": {
    "threshold": 0.5655484951284847,
    "precision": 0.5194881972889659,
    "recall": 0.6210935527843692,
    "f1": 0.5657652685798381,
    "tp": 36906,
    "fp": 34137,
    "fn": 22515,
    "tn": 152116
  },
  "recall_constrained": {
    "threshold": 0.017455794462278556,
    "precision": 0.24186930647931812,
    "recall": 1.0,
    "f1": 0.3895245743129189,
    "tp": 59421,
    "fp": 186253,
    "fn": 0,
    "tn": 0
  },
  "precision_constrained": {
    "threshold": 0.5826364300083388,
    "precision": 0.5328262071645271,
    "recall": 0.6000067316268659,
    "f1": 0.5644244621400415,
    "tp": 35653,
    "fp": 31260,
    "fn": 23768,
    "tn": 154993
  }
}