{
  "best_params": {
    "num_leaves": 98,
    "learning_rate": 0.08239710200819239,
    "n_estimators": 320,
    "subsample": 0.6863574283768553,
    "colsample_bytree": 0.8884084946124652
  },
  "best_score": 0.615927390500851,
  "n_folds": 3
}