{
  "f1": {
    "threshold": 0.4181839353709148,
    "precision": 0.4957001247292063,
    "recall": 0.6353814308072904,
    "f1": 0.5569159057719824,
    "tp": 37755,
    "fp": 38410,
    "fn": 21666,
    "tn": 147843
  },
  "recall_constrained": {
    "threshold": 0.004240326216075611,
    "precision": 0.24186930647931812,
    "recall": 1.0,
    "f1": 0.3895245743129189,
    "tp": 59421,
    "fp": 186253,
    "fn": 0,
    "tn": 0
  },
  "precision_constrained": {
    "threshold": 0.43877103434195414,
    "precision": 0.5165828708868829,
    "recall": 0.6000067316268659,
    "f1": 0.5551783740014637,
    "tp": 35653,
    "fp": 33364,
    "fn": 23768,
    "tn": 152889
  }
}