model_name,threshold,pr_auc,roc_auc,precision,recall,f1,tp,fp,fn,tn,train_time_sec,device_used
XGBOOST,0.5606557726860046,0.6140137516651258,0.8028543812686774,0.5083241433373636,0.6438464515911883,0.5681149950996406,38258,37005,21163,149248,21.242318868637085,cpu
LIGHTGBM,0.5512243495395074,0.611099367418806,0.8005475465980674,0.5019552635695291,0.64805371838239,0.5657242336763701,38508,38208,20913,148045,14.430883169174194,cpu
CATBOOST,0.5585761516425213,0.6099539657382901,0.8008010841801307,0.5103359173126615,0.6381582268894835,0.5671340437464947,37920,36384,21501,149869,213.94418001174927,cpu
RANDOMFOREST,0.43326718858490676,0.5893164183740738,0.7881604332508201,0.4970326409495549,0.6145133875229296,0.5495646677252102,36515,36951,22906,149302,150.30358409881592,cpu
