model_name,threshold,pr_auc,roc_auc,precision,recall,f1,tp,fp,fn,tn,device_used
XGBOOST,0.5606557726860046,0.5177944138737339,0.7861417794770604,0.4006748786041535,0.6376337044313468,0.49211537165577196,29210,43692,16600,156172,cpu
RANDOMFOREST,0.43326718858490676,0.49714336033268264,0.780043985738724,0.3903458915232218,0.6296660117878192,0.4819307302892086,28845,45051,16965,154813,cpu
LIGHTGBM,0.5512243495395074,0.5162978235554834,0.7852916197814777,0.3921830566761458,0.6472604234883214,0.4884240003294486,29651,45954,16159,153910,cpu
CATBOOST,0.5585761516425213,0.5111322326300783,0.7848736568393249,0.3961842441868293,0.6423270028378083,0.490085858712036,29425,44846,16385,155018,cpu
