{
  "f1": {
    "threshold": 0.5215794444084167,
    "precision": 0.48412252712188897,
    "recall": 0.6383433466282964,
    "f1": 0.5506383781782813,
    "tp": 37931,
    "fp": 40419,
    "fn": 21490,
    "tn": 145834
  },
  "recall_constrained": {
    "threshold": 0.0006907468778081238,
    "precision": 0.24186930647931812,
    "recall": 1.0,
    "f1": 0.3895245743129189,
    "tp": 59421,
    "fp": 186253,
    "fn": 0,
    "tn": 0
  },
  "precision_constrained": {
    "threshold": 0.5574280619621277,
    "precision": 0.5063267769651353,
    "recall": 0.6000067316268659,
    "f1": 0.5492005298992575,
    "tp": 35653,
    "fp": 34762,
    "fn": 23768,
    "tn": 151491
  }
}